"file","pixel"
"out/B.RData",1
"out/B.RData",2
"out/B.RData",3
"out/B.RData",4
"out/B.RData",5
"out/B.RData",6
"out/B.RData",7
"out/B.RData",8
"out/B.RData",9
"out/B.RData",10
"out/B.RData",11
"out/B.RData",12
"out/B.RData",13
"out/B.RData",14
"out/B.RData",15
"out/B.RData",16
"out/B.RData",17
"out/B.RData",18
"out/B.RData",19
"out/B.RData",20
"out/B.RData",21
"out/B.RData",22
"out/B.RData",23
"out/B.RData",24
"out/B.RData",25
"out/B.RData",26
"out/B.RData",27
"out/B.RData",28
"out/B.RData",29
"out/B.RData",30
"out/B.RData",31
"out/B.RData",32
"out/B.RData",33
"out/B.RData",34
"out/B.RData",35
"out/B.RData",36
"out/B.RData",37
"out/B.RData",38
"out/B.RData",39
"out/B.RData",40
"out/B.RData",41
"out/B.RData",42
"out/B.RData",43
"out/B.RData",44
"out/B.RData",45
"out/B.RData",46
"out/B.RData",47
"out/B.RData",48
"out/B.RData",49
"out/B.RData",50
"out/B.RData",51
"out/B.RData",52
"out/B.RData",53
"out/B.RData",54
"out/B.RData",55
"out/B.RData",56
"out/B.RData",57
"out/B.RData",58
"out/B.RData",59
"out/B.RData",60
"out/B.RData",61
"out/B.RData",62
"out/B.RData",63
"out/B.RData",64
"out/B.RData",65
"out/B.RData",66
"out/B.RData",67
"out/B.RData",68
"out/B.RData",69
"out/B.RData",70
"out/B.RData",71
"out/B.RData",72
"out/B.RData",73
"out/B.RData",74
"out/B.RData",75
"out/B.RData",76
"out/B.RData",77
"out/B.RData",78
"out/B.RData",79
"out/B.RData",80
"out/B.RData",81
"out/B.RData",82
"out/B.RData",83
"out/B.RData",84
"out/B.RData",85
"out/B.RData",86
"out/B.RData",87
"out/B.RData",88
"out/B.RData",89
"out/B.RData",90
"out/B.RData",91
"out/B.RData",92
"out/B.RData",93
"out/B.RData",94
"out/B.RData",95
"out/B.RData",96
"out/B.RData",97
"out/B.RData",98
"out/B.RData",99
"out/B.RData",100
"out/B.RData",101
"out/B.RData",102
"out/B.RData",103
"out/B.RData",104
"out/B.RData",105
"out/B.RData",106
"out/B.RData",107
"out/B.RData",108
"out/B.RData",109
"out/C.RData",1
"out/C.RData",2
"out/C.RData",3
"out/C.RData",4
"out/C.RData",5
"out/C.RData",6
"out/C.RData",7
"out/C.RData",8
"out/C.RData",9
"out/C.RData",10
"out/C.RData",11
"out/C.RData",12
"out/C.RData",13
"out/C.RData",14
"out/C.RData",15
"out/C.RData",16
"out/C.RData",17
"out/C.RData",18
"out/C.RData",19
"out/C.RData",20
"out/C.RData",21
"out/M.RData",1
"out/M.RData",2
"out/M.RData",3
"out/M.RData",4
"out/M.RData",5
"out/M.RData",6
"out/M.RData",7
"out/M.RData",8
"out/M.RData",9
"out/M.RData",10
"out/M.RData",11
"out/M.RData",12
"out/M.RData",13
"out/M.RData",14
"out/M.RData",15
"out/M.RData",16
"out/M.RData",17
"out/M.RData",18
"out/M.RData",19
"out/M.RData",20
"out/M.RData",21
"out/M.RData",22
"out/M.RData",23
"out/M.RData",24
"out/M.RData",25
"out/M.RData",26
"out/M.RData",27
"out/M.RData",28
"out/M.RData",29
"out/M.RData",30
"out/M.RData",31
"out/M.RData",32
"out/M.RData",33
"out/M.RData",34
"out/M.RData",35
"out/M.RData",36
"out/M.RData",37
"out/M.RData",38
"out/M.RData",39
"out/M.RData",40
"out/P.RData",1
"out/P.RData",2
"out/P.RData",3
"out/P.RData",4
"out/P.RData",5
"out/P.RData",6
"out/P.RData",7
"out/P.RData",8
"out/P.RData",9
"out/P.RData",10
"out/P.RData",11
"out/P.RData",12
"out/P.RData",13
"out/P.RData",14
"out/P.RData",15
"out/P.RData",16
"out/P.RData",17
"out/P.RData",18
"out/P.RData",19
"out/P.RData",20
"out/P.RData",21
"out/P.RData",22
"out/P.RData",23
"out/P.RData",24
"out/P.RData",25
"out/P.RData",26
"out/P.RData",27
"out/P.RData",28
"out/P.RData",29
"out/P.RData",30
"out/P.RData",31
"out/P.RData",32
"out/P.RData",33
"out/P.RData",34
"out/P.RData",35
"out/P.RData",36
